Competition_Name,Team,Rank,prob
Fußball-Bundesliga,Augsburg,5,1e-4
Fußball-Bundesliga,Augsburg,6,5e-4
Fußball-Bundesliga,Augsburg,7,0.027
Fußball-Bundesliga,Augsburg,8,0.0985
Fußball-Bundesliga,Augsburg,9,0.2274
Fußball-Bundesliga,Augsburg,10,0.2272
Fußball-Bundesliga,Augsburg,11,0.1733
Fußball-Bundesliga,Augsburg,12,0.1138
Fußball-Bundesliga,Augsburg,13,0.0692
Fußball-Bundesliga,Augsburg,14,0.0411
Fußball-Bundesliga,Augsburg,15,0.0164
Fußball-Bundesliga,Augsburg,16,0.0053
Fußball-Bundesliga,Augsburg,17,2e-4
Fußball-Bundesliga,Bayern Munich,1,0.9999
Fußball-Bundesliga,Bayern Munich,2,1e-4
Fußball-Bundesliga,Dortmund,1,1e-4
Fußball-Bundesliga,Dortmund,2,0.8671
Fußball-Bundesliga,Dortmund,3,0.1063
Fußball-Bundesliga,Dortmund,4,0.0205
Fußball-Bundesliga,Dortmund,5,0.0047
Fußball-Bundesliga,Dortmund,6,0.0013
Fußball-Bundesliga,Ein Frankfurt,4,0.0012
Fußball-Bundesliga,Ein Frankfurt,5,0.0082
Fußball-Bundesliga,Ein Frankfurt,6,0.0566
Fußball-Bundesliga,Ein Frankfurt,7,0.631
Fußball-Bundesliga,Ein Frankfurt,8,0.2148
Fußball-Bundesliga,Ein Frankfurt,9,0.0581
Fußball-Bundesliga,Ein Frankfurt,10,0.0208
Fußball-Bundesliga,Ein Frankfurt,11,0.0054
Fußball-Bundesliga,Ein Frankfurt,12,0.0031
Fußball-Bundesliga,Ein Frankfurt,13,5e-4
Fußball-Bundesliga,Ein Frankfurt,14,3e-4
Fußball-Bundesliga,FC Koln,7,0.0033
Fußball-Bundesliga,FC Koln,8,0.0163
Fußball-Bundesliga,FC Koln,9,0.0677
Fußball-Bundesliga,FC Koln,10,0.1157
Fußball-Bundesliga,FC Koln,11,0.1572
Fußball-Bundesliga,FC Koln,12,0.1688
Fußball-Bundesliga,FC Koln,13,0.1645
Fußball-Bundesliga,FC Koln,14,0.1378
Fußball-Bundesliga,FC Koln,15,0.0937
Fußball-Bundesliga,FC Koln,16,0.0538
Fußball-Bundesliga,FC Koln,17,0.0206
Fußball-Bundesliga,FC Koln,18,6e-4
Fußball-Bundesliga,Freiburg,5,8e-4
Fußball-Bundesliga,Freiburg,6,0.0106
Fußball-Bundesliga,Freiburg,7,0.2179
Fußball-Bundesliga,Freiburg,8,0.4459
Fußball-Bundesliga,Freiburg,9,0.1873
Fußball-Bundesliga,Freiburg,10,0.0827
Fußball-Bundesliga,Freiburg,11,0.0345
Fußball-Bundesliga,Freiburg,12,0.0145
Fußball-Bundesliga,Freiburg,13,0.0043
Fußball-Bundesliga,Freiburg,14,0.0012
Fußball-Bundesliga,Freiburg,15,3e-4
Fußball-Bundesliga,Hamburg,7,0.0102
Fußball-Bundesliga,Hamburg,8,0.0434
Fußball-Bundesliga,Hamburg,9,0.1048
Fußball-Bundesliga,Hamburg,10,0.1623
Fußball-Bundesliga,Hamburg,11,0.1811
Fußball-Bundesliga,Hamburg,12,0.1607
Fußball-Bundesliga,Hamburg,13,0.1342
Fußball-Bundesliga,Hamburg,14,0.0984
Fußball-Bundesliga,Hamburg,15,0.0638
Fußball-Bundesliga,Hamburg,16,0.0297
Fußball-Bundesliga,Hamburg,17,0.0113
Fußball-Bundesliga,Hamburg,18,1e-4
Fußball-Bundesliga,Heidenheim,13,1e-4
Fußball-Bundesliga,Heidenheim,14,8e-4
Fußball-Bundesliga,Heidenheim,15,0.002
Fußball-Bundesliga,Heidenheim,16,0.0064
Fußball-Bundesliga,Heidenheim,17,0.0359
Fußball-Bundesliga,Heidenheim,18,0.9548
Fußball-Bundesliga,Hoffenheim,2,0.1001
Fußball-Bundesliga,Hoffenheim,3,0.5025
Fußball-Bundesliga,Hoffenheim,4,0.2355
Fußball-Bundesliga,Hoffenheim,5,0.1193
Fußball-Bundesliga,Hoffenheim,6,0.0416
Fußball-Bundesliga,Hoffenheim,7,0.001
Fußball-Bundesliga,Leverkusen,2,0.0038
Fußball-Bundesliga,Leverkusen,3,0.0573
Fußball-Bundesliga,Leverkusen,4,0.1652
Fußball-Bundesliga,Leverkusen,5,0.274
Fußball-Bundesliga,Leverkusen,6,0.4534
Fußball-Bundesliga,Leverkusen,7,0.0412
Fußball-Bundesliga,Leverkusen,8,0.0048
Fußball-Bundesliga,Leverkusen,9,2e-4
Fußball-Bundesliga,Leverkusen,10,1e-4
Fußball-Bundesliga,M'gladbach,7,9e-4
Fußball-Bundesliga,M'gladbach,8,0.0111
Fußball-Bundesliga,M'gladbach,9,0.0405
Fußball-Bundesliga,M'gladbach,10,0.0855
Fußball-Bundesliga,M'gladbach,11,0.1314
Fußball-Bundesliga,M'gladbach,12,0.1612
Fußball-Bundesliga,M'gladbach,13,0.1724
Fußball-Bundesliga,M'gladbach,14,0.1644
Fußball-Bundesliga,M'gladbach,15,0.1266
Fußball-Bundesliga,M'gladbach,16,0.0761
Fußball-Bundesliga,M'gladbach,17,0.029
Fußball-Bundesliga,M'gladbach,18,9e-4
Fußball-Bundesliga,Mainz,7,8e-4
Fußball-Bundesliga,Mainz,8,0.0064
Fußball-Bundesliga,Mainz,9,0.0234
Fußball-Bundesliga,Mainz,10,0.0496
Fußball-Bundesliga,Mainz,11,0.0869
Fußball-Bundesliga,Mainz,12,0.1267
Fußball-Bundesliga,Mainz,13,0.1538
Fußball-Bundesliga,Mainz,14,0.1817
Fußball-Bundesliga,Mainz,15,0.1706
Fußball-Bundesliga,Mainz,16,0.1349
Fußball-Bundesliga,Mainz,17,0.063
Fußball-Bundesliga,Mainz,18,0.0022
Fußball-Bundesliga,RB Leipzig,2,0.0126
Fußball-Bundesliga,RB Leipzig,3,0.1603
Fußball-Bundesliga,RB Leipzig,4,0.2789
Fußball-Bundesliga,RB Leipzig,5,0.2998
Fußball-Bundesliga,RB Leipzig,6,0.2304
Fußball-Bundesliga,RB Leipzig,7,0.0168
Fußball-Bundesliga,RB Leipzig,8,0.0011
Fußball-Bundesliga,RB Leipzig,9,1e-4
Fußball-Bundesliga,St Pauli,7,2e-4
Fußball-Bundesliga,St Pauli,8,0.0039
Fußball-Bundesliga,St Pauli,9,0.0134
Fußball-Bundesliga,St Pauli,10,0.0321
Fußball-Bundesliga,St Pauli,11,0.0628
Fußball-Bundesliga,St Pauli,12,0.0998
Fußball-Bundesliga,St Pauli,13,0.1379
Fußball-Bundesliga,St Pauli,14,0.1685
Fußball-Bundesliga,St Pauli,15,0.2053
Fußball-Bundesliga,St Pauli,16,0.1725
Fußball-Bundesliga,St Pauli,17,0.1004
Fußball-Bundesliga,St Pauli,18,0.0032
Fußball-Bundesliga,Stuttgart,2,0.0163
Fußball-Bundesliga,Stuttgart,3,0.1736
Fußball-Bundesliga,Stuttgart,4,0.2987
Fußball-Bundesliga,Stuttgart,5,0.2931
Fußball-Bundesliga,Stuttgart,6,0.2051
Fußball-Bundesliga,Stuttgart,7,0.0131
Fußball-Bundesliga,Stuttgart,8,1e-4
Fußball-Bundesliga,Union Berlin,6,5e-4
Fußball-Bundesliga,Union Berlin,7,0.0366
Fußball-Bundesliga,Union Berlin,8,0.153
Fußball-Bundesliga,Union Berlin,9,0.2723
Fußball-Bundesliga,Union Berlin,10,0.2099
Fußball-Bundesliga,Union Berlin,11,0.1366
Fußball-Bundesliga,Union Berlin,12,0.0886
Fußball-Bundesliga,Union Berlin,13,0.0548
Fußball-Bundesliga,Union Berlin,14,0.0292
Fußball-Bundesliga,Union Berlin,15,0.0132
Fußball-Bundesliga,Union Berlin,16,0.0045
Fußball-Bundesliga,Union Berlin,17,8e-4
Fußball-Bundesliga,Werder Bremen,8,4e-4
Fußball-Bundesliga,Werder Bremen,9,0.0036
Fußball-Bundesliga,Werder Bremen,10,0.0102
Fußball-Bundesliga,Werder Bremen,11,0.0203
Fußball-Bundesliga,Werder Bremen,12,0.0398
Fußball-Bundesliga,Werder Bremen,13,0.0671
Fußball-Bundesliga,Werder Bremen,14,0.1054
Fußball-Bundesliga,Werder Bremen,15,0.1747
Fußball-Bundesliga,Werder Bremen,16,0.273
Fußball-Bundesliga,Werder Bremen,17,0.294
Fußball-Bundesliga,Werder Bremen,18,0.0115
Fußball-Bundesliga,Wolfsburg,8,3e-4
Fußball-Bundesliga,Wolfsburg,9,0.0012
Fußball-Bundesliga,Wolfsburg,10,0.0039
Fußball-Bundesliga,Wolfsburg,11,0.0105
Fußball-Bundesliga,Wolfsburg,12,0.023
Fußball-Bundesliga,Wolfsburg,13,0.0412
Fußball-Bundesliga,Wolfsburg,14,0.0712
Fußball-Bundesliga,Wolfsburg,15,0.1334
Fußball-Bundesliga,Wolfsburg,16,0.2438
Fußball-Bundesliga,Wolfsburg,17,0.4448
Fußball-Bundesliga,Wolfsburg,18,0.0267
La Liga,Alaves,6,1e-4
La Liga,Alaves,7,0.001
La Liga,Alaves,8,0.0029
La Liga,Alaves,9,0.0079
La Liga,Alaves,10,0.0189
La Liga,Alaves,11,0.0329
La Liga,Alaves,12,0.0516
La Liga,Alaves,13,0.0636
La Liga,Alaves,14,0.094
La Liga,Alaves,15,0.1208
La Liga,Alaves,16,0.1496
La Liga,Alaves,17,0.1739
La Liga,Alaves,18,0.1798
La Liga,Alaves,19,0.0983
La Liga,Alaves,20,0.0047
La Liga,Ath Bilbao,5,0.002
La Liga,Ath Bilbao,6,0.0204
La Liga,Ath Bilbao,7,0.0694
La Liga,Ath Bilbao,8,0.1183
La Liga,Ath Bilbao,9,0.1588
La Liga,Ath Bilbao,10,0.1778
La Liga,Ath Bilbao,11,0.1404
La Liga,Ath Bilbao,12,0.1115
La Liga,Ath Bilbao,13,0.0803
La Liga,Ath Bilbao,14,0.0528
La Liga,Ath Bilbao,15,0.0338
La Liga,Ath Bilbao,16,0.0186
La Liga,Ath Bilbao,17,0.0115
La Liga,Ath Bilbao,18,0.004
La Liga,Ath Bilbao,19,4e-4
La Liga,Ath Madrid,2,0.0135
La Liga,Ath Madrid,3,0.3646
La Liga,Ath Madrid,4,0.57
La Liga,Ath Madrid,5,0.0492
La Liga,Ath Madrid,6,0.0027
La Liga,Barcelona,1,0.8652
La Liga,Barcelona,2,0.1333
La Liga,Barcelona,3,0.0013
La Liga,Barcelona,4,2e-4
La Liga,Betis,3,0.0048
La Liga,Betis,4,0.0577
La Liga,Betis,5,0.6625
La Liga,Betis,6,0.2098
La Liga,Betis,7,0.0487
La Liga,Betis,8,0.0129
La Liga,Betis,9,0.0027
La Liga,Betis,10,6e-4
La Liga,Betis,11,3e-4
La Liga,Celta,3,3e-4
La Liga,Celta,4,0.0111
La Liga,Celta,5,0.2137
La Liga,Celta,6,0.5105
La Liga,Celta,7,0.1684
La Liga,Celta,8,0.0618
La Liga,Celta,9,0.0229
La Liga,Celta,10,0.0067
La Liga,Celta,11,0.0029
La Liga,Celta,12,0.0013
La Liga,Celta,13,3e-4
La Liga,Celta,15,1e-4
La Liga,Elche,6,5e-4
La Liga,Elche,7,0.0026
La Liga,Elche,8,0.0078
La Liga,Elche,9,0.0214
La Liga,Elche,10,0.0403
La Liga,Elche,11,0.0708
La Liga,Elche,12,0.0891
La Liga,Elche,13,0.1009
La Liga,Elche,14,0.12
La Liga,Elche,15,0.1316
La Liga,Elche,16,0.141
La Liga,Elche,17,0.1238
La Liga,Elche,18,0.1029
La Liga,Elche,19,0.0449
La Liga,Elche,20,0.0024
La Liga,Espanol,4,2e-4
La Liga,Espanol,5,0.0117
La Liga,Espanol,6,0.0642
La Liga,Espanol,7,0.1881
La Liga,Espanol,8,0.2208
La Liga,Espanol,9,0.1861
La Liga,Espanol,10,0.1284
La Liga,Espanol,11,0.0865
La Liga,Espanol,12,0.0519
La Liga,Espanol,13,0.0321
La Liga,Espanol,14,0.0159
La Liga,Espanol,15,0.009
La Liga,Espanol,16,0.0031
La Liga,Espanol,17,0.0016
La Liga,Espanol,18,4e-4
La Liga,Getafe,5,5e-4
La Liga,Getafe,6,0.0044
La Liga,Getafe,7,0.027
La Liga,Getafe,8,0.0577
La Liga,Getafe,9,0.1006
La Liga,Getafe,10,0.1283
La Liga,Getafe,11,0.1444
La Liga,Getafe,12,0.1405
La Liga,Getafe,13,0.1234
La Liga,Getafe,14,0.0992
La Liga,Getafe,15,0.0743
La Liga,Getafe,16,0.0495
La Liga,Getafe,17,0.0316
La Liga,Getafe,18,0.0149
La Liga,Getafe,19,0.0036
La Liga,Getafe,20,1e-4
La Liga,Girona,6,6e-4
La Liga,Girona,7,0.0035
La Liga,Girona,8,0.0108
La Liga,Girona,9,0.0238
La Liga,Girona,10,0.0444
La Liga,Girona,11,0.0634
La Liga,Girona,12,0.0891
La Liga,Girona,13,0.1024
La Liga,Girona,14,0.1234
La Liga,Girona,15,0.129
La Liga,Girona,16,0.1405
La Liga,Girona,17,0.1258
La Liga,Girona,18,0.097
La Liga,Girona,19,0.0452
La Liga,Girona,20,0.0011
La Liga,Levante,8,1e-4
La Liga,Levante,9,7e-4
La Liga,Levante,10,0.0019
La Liga,Levante,11,0.003
La Liga,Levante,12,0.0057
La Liga,Levante,13,0.0115
La Liga,Levante,14,0.019
La Liga,Levante,15,0.0336
La Liga,Levante,16,0.0568
La Liga,Levante,17,0.103
La Liga,Levante,18,0.1963
La Liga,Levante,19,0.4861
La Liga,Levante,20,0.0823
La Liga,Mallorca,6,1e-4
La Liga,Mallorca,7,3e-4
La Liga,Mallorca,8,0.0022
La Liga,Mallorca,9,0.0077
La Liga,Mallorca,10,0.0121
La Liga,Mallorca,11,0.0266
La Liga,Mallorca,12,0.036
La Liga,Mallorca,13,0.0548
La Liga,Mallorca,14,0.0751
La Liga,Mallorca,15,0.0988
La Liga,Mallorca,16,0.1235
La Liga,Mallorca,17,0.1674
La Liga,Mallorca,18,0.2184
La Liga,Mallorca,19,0.1612
La Liga,Mallorca,20,0.0158
La Liga,Osasuna,4,1e-4
La Liga,Osasuna,5,0.0104
La Liga,Osasuna,6,0.0581
La Liga,Osasuna,7,0.1765
La Liga,Osasuna,8,0.205
La Liga,Osasuna,9,0.1869
La Liga,Osasuna,10,0.1338
La Liga,Osasuna,11,0.0875
La Liga,Osasuna,12,0.0574
La Liga,Osasuna,13,0.0378
La Liga,Osasuna,14,0.0235
La Liga,Osasuna,15,0.0133
La Liga,Osasuna,16,0.006
La Liga,Osasuna,17,0.0023
La Liga,Osasuna,18,0.0012
La Liga,Osasuna,19,2e-4
La Liga,Oviedo,13,1e-4
La Liga,Oviedo,15,6e-4
La Liga,Oviedo,16,0.0013
La Liga,Oviedo,17,0.005
La Liga,Oviedo,18,0.0148
La Liga,Oviedo,19,0.0875
La Liga,Oviedo,20,0.8907
La Liga,Real Madrid,1,0.1346
La Liga,Real Madrid,2,0.828
La Liga,Real Madrid,3,0.0338
La Liga,Real Madrid,4,0.0036
La Liga,Sevilla,6,0.0023
La Liga,Sevilla,7,0.0115
La Liga,Sevilla,8,0.0319
La Liga,Sevilla,9,0.0558
La Liga,Sevilla,10,0.0823
La Liga,Sevilla,11,0.1071
La Liga,Sevilla,12,0.1264
La Liga,Sevilla,13,0.1384
La Liga,Sevilla,14,0.1295
La Liga,Sevilla,15,0.1153
La Liga,Sevilla,16,0.0914
La Liga,Sevilla,17,0.0619
La Liga,Sevilla,18,0.0327
La Liga,Sevilla,19,0.0128
La Liga,Sevilla,20,7e-4
La Liga,Sociedad,4,6e-4
La Liga,Sociedad,5,0.0278
La Liga,Sociedad,6,0.122
La Liga,Sociedad,7,0.2854
La Liga,Sociedad,8,0.2237
La Liga,Sociedad,9,0.1437
La Liga,Sociedad,10,0.0888
La Liga,Sociedad,11,0.0506
La Liga,Sociedad,12,0.0252
La Liga,Sociedad,13,0.0164
La Liga,Sociedad,14,0.0101
La Liga,Sociedad,15,0.0027
La Liga,Sociedad,16,0.002
La Liga,Sociedad,17,4e-4
La Liga,Sociedad,18,5e-4
La Liga,Sociedad,19,1e-4
La Liga,Valencia,5,1e-4
La Liga,Valencia,6,0.0016
La Liga,Valencia,7,0.0058
La Liga,Valencia,8,0.0156
La Liga,Valencia,9,0.0294
La Liga,Valencia,10,0.054
La Liga,Valencia,11,0.0831
La Liga,Valencia,12,0.0962
La Liga,Valencia,13,0.1133
La Liga,Valencia,14,0.124
La Liga,Valencia,15,0.1264
La Liga,Valencia,16,0.1193
La Liga,Valencia,17,0.1102
La Liga,Valencia,18,0.0849
La Liga,Valencia,19,0.0351
La Liga,Valencia,20,0.001
La Liga,Vallecano,5,1e-4
La Liga,Vallecano,6,0.0019
La Liga,Vallecano,7,0.0117
La Liga,Vallecano,8,0.0285
La Liga,Vallecano,9,0.0516
La Liga,Vallecano,10,0.0817
La Liga,Vallecano,11,0.1005
La Liga,Vallecano,12,0.1181
La Liga,Vallecano,13,0.1247
La Liga,Vallecano,14,0.1135
La Liga,Vallecano,15,0.1107
La Liga,Vallecano,16,0.0974
La Liga,Vallecano,17,0.0816
La Liga,Vallecano,18,0.0522
La Liga,Vallecano,19,0.0246
La Liga,Vallecano,20,0.0012
La Liga,Villarreal,1,2e-4
La Liga,Villarreal,2,0.0252
La Liga,Villarreal,3,0.5952
La Liga,Villarreal,4,0.3565
La Liga,Villarreal,5,0.022
La Liga,Villarreal,6,8e-4
La Liga,Villarreal,7,1e-4
Ligue 1,Angers,5,1e-4
Ligue 1,Angers,6,5e-4
Ligue 1,Angers,7,0.0016
Ligue 1,Angers,8,0.0071
Ligue 1,Angers,9,0.03
Ligue 1,Angers,10,0.0736
Ligue 1,Angers,11,0.1587
Ligue 1,Angers,12,0.3224
Ligue 1,Angers,13,0.236
Ligue 1,Angers,14,0.118
Ligue 1,Angers,15,0.0468
Ligue 1,Angers,16,0.0049
Ligue 1,Angers,17,3e-4
Ligue 1,Auxerre,12,0.0015
Ligue 1,Auxerre,13,0.0089
Ligue 1,Auxerre,14,0.0314
Ligue 1,Auxerre,15,0.1122
Ligue 1,Auxerre,16,0.5039
Ligue 1,Auxerre,17,0.3053
Ligue 1,Auxerre,18,0.0368
Ligue 1,Brest,4,2e-4
Ligue 1,Brest,5,0.0073
Ligue 1,Brest,6,0.0246
Ligue 1,Brest,7,0.0568
Ligue 1,Brest,8,0.1357
Ligue 1,Brest,9,0.2522
Ligue 1,Brest,10,0.2385
Ligue 1,Brest,11,0.1737
Ligue 1,Brest,12,0.0784
Ligue 1,Brest,13,0.0245
Ligue 1,Brest,14,0.0071
Ligue 1,Brest,15,0.001
Ligue 1,Le Havre,6,2e-4
Ligue 1,Le Havre,7,2e-4
Ligue 1,Le Havre,8,0.0018
Ligue 1,Le Havre,9,0.0087
Ligue 1,Le Havre,10,0.0283
Ligue 1,Le Havre,11,0.0752
Ligue 1,Le Havre,12,0.1773
Ligue 1,Le Havre,13,0.2829
Ligue 1,Le Havre,14,0.2463
Ligue 1,Le Havre,15,0.1533
Ligue 1,Le Havre,16,0.0241
Ligue 1,Le Havre,17,0.0017
Ligue 1,Lens,1,0.0927
Ligue 1,Lens,2,0.8576
Ligue 1,Lens,3,0.0428
Ligue 1,Lens,4,0.0068
Ligue 1,Lens,5,1e-4
Ligue 1,Lille,2,1e-4
Ligue 1,Lille,3,0.0254
Ligue 1,Lille,4,0.0875
Ligue 1,Lille,5,0.2717
Ligue 1,Lille,6,0.2593
Ligue 1,Lille,7,0.1968
Ligue 1,Lille,8,0.1098
Ligue 1,Lille,9,0.0354
Ligue 1,Lille,10,0.0105
Ligue 1,Lille,11,0.0035
Ligue 1,Lorient,4,2e-4
Ligue 1,Lorient,5,0.0019
Ligue 1,Lorient,6,0.0075
Ligue 1,Lorient,7,0.0237
Ligue 1,Lorient,8,0.0647
Ligue 1,Lorient,9,0.1699
Ligue 1,Lorient,10,0.2531
Ligue 1,Lorient,11,0.2674
Ligue 1,Lorient,12,0.1377
Ligue 1,Lorient,13,0.0549
Ligue 1,Lorient,14,0.017
Ligue 1,Lorient,15,0.002
Ligue 1,Lyon,1,1e-4
Ligue 1,Lyon,2,0.021
Ligue 1,Lyon,3,0.3552
Ligue 1,Lyon,4,0.4457
Ligue 1,Lyon,5,0.1215
Ligue 1,Lyon,6,0.0388
Ligue 1,Lyon,7,0.0145
Ligue 1,Lyon,8,0.003
Ligue 1,Lyon,9,2e-4
Ligue 1,Marseille,2,0.0292
Ligue 1,Marseille,3,0.54
Ligue 1,Marseille,4,0.3102
Ligue 1,Marseille,5,0.0852
Ligue 1,Marseille,6,0.026
Ligue 1,Marseille,7,0.0078
Ligue 1,Marseille,8,0.0011
Ligue 1,Marseille,9,5e-4
Ligue 1,Metz,14,3e-4
Ligue 1,Metz,15,0.0023
Ligue 1,Metz,16,0.0251
Ligue 1,Metz,17,0.135
Ligue 1,Metz,18,0.8373
Ligue 1,Monaco,3,0.0026
Ligue 1,Monaco,4,0.0132
Ligue 1,Monaco,5,0.0626
Ligue 1,Monaco,6,0.1276
Ligue 1,Monaco,7,0.2043
Ligue 1,Monaco,8,0.2954
Ligue 1,Monaco,9,0.1698
Ligue 1,Monaco,10,0.0825
Ligue 1,Monaco,11,0.0333
Ligue 1,Monaco,12,0.0078
Ligue 1,Monaco,13,8e-4
Ligue 1,Monaco,14,1e-4
Ligue 1,Nantes,11,1e-4
Ligue 1,Nantes,12,3e-4
Ligue 1,Nantes,13,0.0016
Ligue 1,Nantes,14,0.0108
Ligue 1,Nantes,15,0.0422
Ligue 1,Nantes,16,0.2819
Ligue 1,Nantes,17,0.5375
Ligue 1,Nantes,18,0.1256
Ligue 1,Nice,8,1e-4
Ligue 1,Nice,9,6e-4
Ligue 1,Nice,10,0.003
Ligue 1,Nice,11,0.0147
Ligue 1,Nice,12,0.0559
Ligue 1,Nice,13,0.1267
Ligue 1,Nice,14,0.2521
Ligue 1,Nice,15,0.4109
Ligue 1,Nice,16,0.1202
Ligue 1,Nice,17,0.0156
Ligue 1,Nice,18,2e-4
Ligue 1,Paris FC,7,1e-4
Ligue 1,Paris FC,8,9e-4
Ligue 1,Paris FC,9,0.0035
Ligue 1,Paris FC,10,0.0159
Ligue 1,Paris FC,11,0.0445
Ligue 1,Paris FC,12,0.1222
Ligue 1,Paris FC,13,0.2326
Ligue 1,Paris FC,14,0.3073
Ligue 1,Paris FC,15,0.2284
Ligue 1,Paris FC,16,0.0399
Ligue 1,Paris FC,17,0.0046
Ligue 1,Paris FC,18,1e-4
Ligue 1,Paris SG,1,0.9072
Ligue 1,Paris SG,2,0.0921
Ligue 1,Paris SG,3,7e-4
Ligue 1,Rennes,3,0.0254
Ligue 1,Rennes,4,0.0929
Ligue 1,Rennes,5,0.2802
Ligue 1,Rennes,6,0.2588
Ligue 1,Rennes,7,0.2017
Ligue 1,Rennes,8,0.0985
Ligue 1,Rennes,9,0.029
Ligue 1,Rennes,10,0.0113
Ligue 1,Rennes,11,0.0018
Ligue 1,Rennes,12,4e-4
Ligue 1,Strasbourg,3,0.0079
Ligue 1,Strasbourg,4,0.0428
Ligue 1,Strasbourg,5,0.1657
Ligue 1,Strasbourg,6,0.2401
Ligue 1,Strasbourg,7,0.2469
Ligue 1,Strasbourg,8,0.1695
Ligue 1,Strasbourg,9,0.0753
Ligue 1,Strasbourg,10,0.0361
Ligue 1,Strasbourg,11,0.0126
Ligue 1,Strasbourg,12,0.0028
Ligue 1,Strasbourg,13,3e-4
Ligue 1,Toulouse,4,5e-4
Ligue 1,Toulouse,5,0.0037
Ligue 1,Toulouse,6,0.0166
Ligue 1,Toulouse,7,0.0456
Ligue 1,Toulouse,8,0.1124
Ligue 1,Toulouse,9,0.2249
Ligue 1,Toulouse,10,0.2472
Ligue 1,Toulouse,11,0.2145
Ligue 1,Toulouse,12,0.0933
Ligue 1,Toulouse,13,0.0308
Ligue 1,Toulouse,14,0.0096
Ligue 1,Toulouse,15,9e-4
Premier League,Arsenal,1,0.7945
Premier League,Arsenal,2,0.2051
Premier League,Arsenal,3,4e-4
Premier League,Aston Villa,2,0.0084
Premier League,Aston Villa,3,0.3214
Premier League,Aston Villa,4,0.3168
Premier League,Aston Villa,5,0.2027
Premier League,Aston Villa,6,0.1039
Premier League,Aston Villa,7,0.0366
Premier League,Aston Villa,8,0.0084
Premier League,Aston Villa,9,0.0014
Premier League,Aston Villa,10,1e-4
Premier League,Aston Villa,11,2e-4
Premier League,Aston Villa,12,1e-4
Premier League,Bournemouth,3,1e-4
Premier League,Bournemouth,4,4e-4
Premier League,Bournemouth,5,0.0039
Premier League,Bournemouth,6,0.0195
Premier League,Bournemouth,7,0.0621
Premier League,Bournemouth,8,0.118
Premier League,Bournemouth,9,0.1449
Premier League,Bournemouth,10,0.1557
Premier League,Bournemouth,11,0.1525
Premier League,Bournemouth,12,0.1276
Premier League,Bournemouth,13,0.0979
Premier League,Bournemouth,14,0.0715
Premier League,Bournemouth,15,0.034
Premier League,Bournemouth,16,0.0107
Premier League,Bournemouth,17,0.0012
Premier League,Brentford,3,0.0063
Premier League,Brentford,4,0.0341
Premier League,Brentford,5,0.0891
Premier League,Brentford,6,0.1895
Premier League,Brentford,7,0.2994
Premier League,Brentford,8,0.1716
Premier League,Brentford,9,0.0985
Premier League,Brentford,10,0.0557
Premier League,Brentford,11,0.0315
Premier League,Brentford,12,0.0155
Premier League,Brentford,13,0.0068
Premier League,Brentford,14,0.0016
Premier League,Brentford,15,4e-4
Premier League,Brighton,3,1e-4
Premier League,Brighton,4,9e-4
Premier League,Brighton,5,0.005
Premier League,Brighton,6,0.02
Premier League,Brighton,7,0.0613
Premier League,Brighton,8,0.1215
Premier League,Brighton,9,0.1491
Premier League,Brighton,10,0.158
Premier League,Brighton,11,0.1512
Premier League,Brighton,12,0.1321
Premier League,Brighton,13,0.0952
Premier League,Brighton,14,0.0639
Premier League,Brighton,15,0.0293
Premier League,Brighton,16,0.012
Premier League,Brighton,17,3e-4
Premier League,Brighton,18,1e-4
Premier League,Burnley,16,0.0016
Premier League,Burnley,17,0.0293
Premier League,Burnley,18,0.1069
Premier League,Burnley,19,0.8034
Premier League,Burnley,20,0.0588
Premier League,Chelsea,2,7e-4
Premier League,Chelsea,3,0.0676
Premier League,Chelsea,4,0.1376
Premier League,Chelsea,5,0.2289
Premier League,Chelsea,6,0.2962
Premier League,Chelsea,7,0.1601
Premier League,Chelsea,8,0.0624
Premier League,Chelsea,9,0.0269
Premier League,Chelsea,10,0.0112
Premier League,Chelsea,11,0.0057
Premier League,Chelsea,12,0.0016
Premier League,Chelsea,13,9e-4
Premier League,Chelsea,14,1e-4
Premier League,Chelsea,15,1e-4
Premier League,Crystal Palace,6,7e-4
Premier League,Crystal Palace,7,0.0062
Premier League,Crystal Palace,8,0.0165
Premier League,Crystal Palace,9,0.0343
Premier League,Crystal Palace,10,0.0529
Premier League,Crystal Palace,11,0.0777
Premier League,Crystal Palace,12,0.1191
Premier League,Crystal Palace,13,0.1754
Premier League,Crystal Palace,14,0.208
Premier League,Crystal Palace,15,0.1852
Premier League,Crystal Palace,16,0.1109
Premier League,Crystal Palace,17,0.0122
Premier League,Crystal Palace,18,9e-4
Premier League,Everton,4,0.0014
Premier League,Everton,5,0.0075
Premier League,Everton,6,0.0279
Premier League,Everton,7,0.0722
Premier League,Everton,8,0.131
Premier League,Everton,9,0.1694
Premier League,Everton,10,0.1707
Premier League,Everton,11,0.1433
Premier League,Everton,12,0.1159
Premier League,Everton,13,0.0845
Premier League,Everton,14,0.049
Premier League,Everton,15,0.0227
Premier League,Everton,16,0.0042
Premier League,Everton,17,3e-4
Premier League,Fulham,3,7e-4
Premier League,Fulham,4,0.0035
Premier League,Fulham,5,0.0167
Premier League,Fulham,6,0.0552
Premier League,Fulham,7,0.1383
Premier League,Fulham,8,0.2118
Premier League,Fulham,9,0.1713
Premier League,Fulham,10,0.1408
Premier League,Fulham,11,0.114
Premier League,Fulham,12,0.0734
Premier League,Fulham,13,0.0442
Premier League,Fulham,14,0.0215
Premier League,Fulham,15,0.007
Premier League,Fulham,16,0.0016
Premier League,Leeds,7,0.0017
Premier League,Leeds,8,0.0038
Premier League,Leeds,9,0.0131
Premier League,Leeds,10,0.0188
Premier League,Leeds,11,0.0346
Premier League,Leeds,12,0.0568
Premier League,Leeds,13,0.1028
Premier League,Leeds,14,0.1609
Premier League,Leeds,15,0.2555
Premier League,Leeds,16,0.2736
Premier League,Leeds,17,0.0647
Premier League,Leeds,18,0.0131
Premier League,Leeds,19,6e-4
Premier League,Liverpool,2,0.0018
Premier League,Liverpool,3,0.1588
Premier League,Liverpool,4,0.2329
Premier League,Liverpool,5,0.2738
Premier League,Liverpool,6,0.1917
Premier League,Liverpool,7,0.0937
Premier League,Liverpool,8,0.0316
Premier League,Liverpool,9,0.0097
Premier League,Liverpool,10,0.005
Premier League,Liverpool,11,7e-4
Premier League,Liverpool,12,2e-4
Premier League,Liverpool,13,1e-4
Premier League,Man City,1,0.2055
Premier League,Man City,2,0.7747
Premier League,Man City,3,0.0175
Premier League,Man City,4,0.0022
Premier League,Man City,6,1e-4
Premier League,Man United,2,0.0093
Premier League,Man United,3,0.4271
Premier League,Man United,4,0.27
Premier League,Man United,5,0.1709
Premier League,Man United,6,0.0847
Premier League,Man United,7,0.0299
Premier League,Man United,8,0.0059
Premier League,Man United,9,0.0018
Premier League,Man United,10,4e-4
Premier League,Newcastle,4,1e-4
Premier League,Newcastle,5,3e-4
Premier League,Newcastle,6,0.0049
Premier League,Newcastle,7,0.0181
Premier League,Newcastle,8,0.0574
Premier League,Newcastle,9,0.0827
Premier League,Newcastle,10,0.0988
Premier League,Newcastle,11,0.1299
Premier League,Newcastle,12,0.151
Premier League,Newcastle,13,0.1674
Premier League,Newcastle,14,0.1496
Premier League,Newcastle,15,0.097
Premier League,Newcastle,16,0.0367
Premier League,Newcastle,17,0.0056
Premier League,Newcastle,18,5e-4
Premier League,Nott'm Forest,9,1e-4
Premier League,Nott'm Forest,10,2e-4
Premier League,Nott'm Forest,11,3e-4
Premier League,Nott'm Forest,12,0.0013
Premier League,Nott'm Forest,13,0.0032
Premier League,Nott'm Forest,14,0.0111
Premier League,Nott'm Forest,15,0.033
Premier League,Nott'm Forest,16,0.1231
Premier League,Nott'm Forest,17,0.5226
Premier League,Nott'm Forest,18,0.2687
Premier League,Nott'm Forest,19,0.0363
Premier League,Nott'm Forest,20,1e-4
Premier League,Sunderland,4,1e-4
Premier League,Sunderland,5,0.0012
Premier League,Sunderland,6,0.0055
Premier League,Sunderland,7,0.0198
Premier League,Sunderland,8,0.0584
Premier League,Sunderland,9,0.0928
Premier League,Sunderland,10,0.1211
Premier League,Sunderland,11,0.1396
Premier League,Sunderland,12,0.1649
Premier League,Sunderland,13,0.155
Premier League,Sunderland,14,0.1257
Premier League,Sunderland,15,0.0815
Premier League,Sunderland,16,0.0322
Premier League,Sunderland,17,0.0022
Premier League,Tottenham,6,2e-4
Premier League,Tottenham,7,6e-4
Premier League,Tottenham,8,0.0017
Premier League,Tottenham,9,0.004
Premier League,Tottenham,10,0.0106
Premier League,Tottenham,11,0.0188
Premier League,Tottenham,12,0.0404
Premier League,Tottenham,13,0.0661
Premier League,Tottenham,14,0.1344
Premier League,Tottenham,15,0.243
Premier League,Tottenham,16,0.3456
Premier League,Tottenham,17,0.1116
Premier League,Tottenham,18,0.0224
Premier League,Tottenham,19,6e-4
Premier League,West Ham,12,1e-4
Premier League,West Ham,13,5e-4
Premier League,West Ham,14,0.0027
Premier League,West Ham,15,0.0113
Premier League,West Ham,16,0.0478
Premier League,West Ham,17,0.2499
Premier League,West Ham,18,0.5851
Premier League,West Ham,19,0.1017
Premier League,West Ham,20,9e-4
Premier League,Wolves,17,1e-4
Premier League,Wolves,18,0.0023
Premier League,Wolves,19,0.0574
Premier League,Wolves,20,0.9402
Serie A,Atalanta,2,0.0012
Serie A,Atalanta,3,0.0064
Serie A,Atalanta,4,0.0237
Serie A,Atalanta,5,0.0589
Serie A,Atalanta,6,0.1614
Serie A,Atalanta,7,0.6567
Serie A,Atalanta,8,0.0783
Serie A,Atalanta,9,0.0115
Serie A,Atalanta,10,0.0016
Serie A,Atalanta,11,3e-4
Serie A,Bologna,5,6e-4
Serie A,Bologna,6,0.003
Serie A,Bologna,7,0.0641
Serie A,Bologna,8,0.5014
Serie A,Bologna,9,0.276
Serie A,Bologna,10,0.1079
Serie A,Bologna,11,0.0346
Serie A,Bologna,12,0.0101
Serie A,Bologna,13,0.0019
Serie A,Bologna,14,4e-4
Serie A,Cagliari,8,0.0028
Serie A,Cagliari,9,0.0183
Serie A,Cagliari,10,0.0522
Serie A,Cagliari,11,0.1123
Serie A,Cagliari,12,0.1807
Serie A,Cagliari,13,0.2044
Serie A,Cagliari,14,0.1721
Serie A,Cagliari,15,0.1351
Serie A,Cagliari,16,0.0779
Serie A,Cagliari,17,0.0363
Serie A,Cagliari,18,0.0075
Serie A,Cagliari,19,4e-4
Serie A,Como,2,0.046
Serie A,Como,3,0.19
Serie A,Como,4,0.2384
Serie A,Como,5,0.2572
Serie A,Como,6,0.215
Serie A,Como,7,0.0524
Serie A,Como,8,9e-4
Serie A,Como,9,1e-4
Serie A,Cremonese,9,3e-4
Serie A,Cremonese,10,0.0017
Serie A,Cremonese,11,0.0075
Serie A,Cremonese,12,0.0199
Serie A,Cremonese,13,0.0408
Serie A,Cremonese,14,0.0641
Serie A,Cremonese,15,0.1238
Serie A,Cremonese,16,0.1936
Serie A,Cremonese,17,0.2717
Serie A,Cremonese,18,0.261
Serie A,Cremonese,19,0.0152
Serie A,Cremonese,20,4e-4
Serie A,Fiorentina,9,3e-4
Serie A,Fiorentina,10,0.0041
Serie A,Fiorentina,11,0.0116
Serie A,Fiorentina,12,0.0256
Serie A,Fiorentina,13,0.0548
Serie A,Fiorentina,14,0.0983
Serie A,Fiorentina,15,0.1475
Serie A,Fiorentina,16,0.2295
Serie A,Fiorentina,17,0.2407
Serie A,Fiorentina,18,0.1783
Serie A,Fiorentina,19,0.0092
Serie A,Fiorentina,20,1e-4
Serie A,Genoa,7,1e-4
Serie A,Genoa,8,0.001
Serie A,Genoa,9,0.0058
Serie A,Genoa,10,0.0207
Serie A,Genoa,11,0.0568
Serie A,Genoa,12,0.1117
Serie A,Genoa,13,0.1564
Serie A,Genoa,14,0.2003
Serie A,Genoa,15,0.1877
Serie A,Genoa,16,0.1356
Serie A,Genoa,17,0.0834
Serie A,Genoa,18,0.0393
Serie A,Genoa,19,0.0011
Serie A,Genoa,20,1e-4
Serie A,Inter,1,0.9926
Serie A,Inter,2,0.0073
Serie A,Inter,3,1e-4
Serie A,Juventus,2,0.0277
Serie A,Juventus,3,0.1033
Serie A,Juventus,4,0.178
Serie A,Juventus,5,0.2505
Serie A,Juventus,6,0.3126
Serie A,Juventus,7,0.121
Serie A,Juventus,8,0.0066
Serie A,Juventus,9,3e-4
Serie A,Lazio,7,0.0022
Serie A,Lazio,8,0.0703
Serie A,Lazio,9,0.1737
Serie A,Lazio,10,0.2861
Serie A,Lazio,11,0.2279
Serie A,Lazio,12,0.1275
Serie A,Lazio,13,0.0664
Serie A,Lazio,14,0.0296
Serie A,Lazio,15,0.0126
Serie A,Lazio,16,0.0032
Serie A,Lazio,17,5e-4
Serie A,Lecce,10,2e-4
Serie A,Lecce,11,0.0024
Serie A,Lecce,12,0.0072
Serie A,Lecce,13,0.015
Serie A,Lecce,14,0.0394
Serie A,Lecce,15,0.0784
Serie A,Lecce,16,0.1423
Serie A,Lecce,17,0.2502
Serie A,Lecce,18,0.4279
Serie A,Lecce,19,0.0353
Serie A,Lecce,20,0.0017
Serie A,Milan,1,0.0068
Serie A,Milan,2,0.7181
Serie A,Milan,3,0.166
Serie A,Milan,4,0.0689
Serie A,Milan,5,0.029
Serie A,Milan,6,0.0101
Serie A,Milan,7,0.0011
Serie A,Napoli,1,4e-4
Serie A,Napoli,2,0.1364
Serie A,Napoli,3,0.3043
Serie A,Napoli,4,0.2417
Serie A,Napoli,5,0.1751
Serie A,Napoli,6,0.1189
Serie A,Napoli,7,0.0229
Serie A,Napoli,8,3e-4
Serie A,Parma,8,0.004
Serie A,Parma,9,0.03
Serie A,Parma,10,0.0916
Serie A,Parma,11,0.1658
Serie A,Parma,12,0.2305
Serie A,Parma,13,0.199
Serie A,Parma,14,0.1422
Serie A,Parma,15,0.0798
Serie A,Parma,16,0.0413
Serie A,Parma,17,0.0137
Serie A,Parma,18,0.0021
Serie A,Pisa,15,7e-4
Serie A,Pisa,16,0.0014
Serie A,Pisa,17,0.0078
Serie A,Pisa,18,0.0435
Serie A,Pisa,19,0.6692
Serie A,Pisa,20,0.2774
Serie A,Roma,1,2e-4
Serie A,Roma,2,0.0633
Serie A,Roma,3,0.2299
Serie A,Roma,4,0.2492
Serie A,Roma,5,0.2281
Serie A,Roma,6,0.1771
Serie A,Roma,7,0.0511
Serie A,Roma,8,0.0011
Serie A,Sassuolo,4,1e-4
Serie A,Sassuolo,5,6e-4
Serie A,Sassuolo,6,0.0018
Serie A,Sassuolo,7,0.0271
Serie A,Sassuolo,8,0.301
Serie A,Sassuolo,9,0.3697
Serie A,Sassuolo,10,0.1722
Serie A,Sassuolo,11,0.0803
Serie A,Sassuolo,12,0.0282
Serie A,Sassuolo,13,0.0128
Serie A,Sassuolo,14,0.005
Serie A,Sassuolo,15,0.001
Serie A,Sassuolo,16,2e-4
Serie A,Torino,8,8e-4
Serie A,Torino,9,0.0048
Serie A,Torino,10,0.0186
Serie A,Torino,11,0.0455
Serie A,Torino,12,0.0953
Serie A,Torino,13,0.1435
Serie A,Torino,14,0.1921
Serie A,Torino,15,0.2091
Serie A,Torino,16,0.1668
Serie A,Torino,17,0.0917
Serie A,Torino,18,0.0309
Serie A,Torino,19,9e-4
Serie A,Udinese,6,1e-4
Serie A,Udinese,7,0.0013
Serie A,Udinese,8,0.0315
Serie A,Udinese,9,0.1092
Serie A,Udinese,10,0.2431
Serie A,Udinese,11,0.255
Serie A,Udinese,12,0.1633
Serie A,Udinese,13,0.105
Serie A,Udinese,14,0.0565
Serie A,Udinese,15,0.0242
Serie A,Udinese,16,0.0081
Serie A,Udinese,17,0.0024
Serie A,Udinese,18,3e-4
Serie A,Verona,15,1e-4
Serie A,Verona,16,1e-4
Serie A,Verona,17,0.0016
Serie A,Verona,18,0.0092
Serie A,Verona,19,0.2687
Serie A,Verona,20,0.7203
